ID,Age,Salary,Experience (Years),Name_Alice,Name_Bob,Name_Charlie,Name_David,Name_Eve,Department_Finance,Department_HR,Department_IT,City_Chicago,City_Los Angeles,City_New York,City_San Francisco
-1.414213562373095,-0.9608601769431692,-1.104481560766086,-1.0882143751650175,1.9999999999999998,-0.49999999999999994,-0.49999999999999994,-0.5,-0.5,-0.49999999999999994,1.224744871391589,-0.816496580927726,-0.49999999999999994,-0.5,1.224744871391589,-0.49999999999999994
-0.7071067811865475,0.0,-0.122720173418454,0.0,-0.49999999999999994,1.9999999999999998,-0.49999999999999994,-0.5,-0.5,-0.49999999999999994,-0.816496580927726,1.224744871391589,-0.49999999999999994,-0.5,-0.816496580927726,1.9999999999999998
0.0,-0.24911189772600684,0.0,-0.7254762501100117,-0.49999999999999994,-0.49999999999999994,1.9999999999999998,-0.5,-0.5,1.9999999999999998,-0.816496580927726,-0.816496580927726,1.9999999999999998,-0.5,-0.816496580927726,-0.49999999999999994
0.7071067811865475,1.8861329399254803,1.84080260127681,1.8136906252750293,-0.49999999999999994,-0.49999999999999994,-0.49999999999999994,2.0,-0.5,-0.49999999999999994,-0.816496580927726,1.224744871391589,-0.49999999999999994,-0.5,1.224744871391589,-0.49999999999999994
1.414213562373095,-0.6761608652563043,-0.61360086709227,0.0,-0.49999999999999994,-0.49999999999999994,-0.49999999999999994,-0.5,2.0,-0.49999999999999994,1.224744871391589,-0.816496580927726,-0.49999999999999994,2.0,-0.816496580927726,-0.49999999999999994
